	name
0	freeCodeCamp
1	996.ICU
2	vue
3	bootstrap
4	react
5	tensorflow
6	free-programming-books
7	awesome
8	You-Dont-Know-JS
9	oh-my-zsh
10	gitignore
11	javascript
12	coding-interview-university
13	developer-roadmap
14	d3
15	vscode
16	react-native
17	linux
18	electron
19	CS-Notes
20	flutter
21	awesome-python
22	system-design-primer
23	create-react-app
24	the-art-of-command-line
25	axios
26	node
27	go
28	animate.css
29	Font-Awesome
30	public-apis
31	angular.js
32	Python-100-Days
33	kubernetes
34	models
35	free-programming-books-zh_CN
36	youtube-dl
37	moby
38	laravel
39	three.js
40	Python
41	puppeteer
42	JavaGuide
43	TypeScript
44	javascript-algorithms
45	jquery
46	terminal
47	ant-design
48	java-design-patterns
49	angular
50	webpack
51	redux
52	material-ui
53	atom
54	swift
55	30-seconds-of-code
56	awesome-vue
57	reveal.js
58	awesome-go
59	socket.io
60	build-your-own-x
61	thefuck
62	Semantic-UI
63	flask
64	express
65	Chart.js
66	lantern
67	Apollo-11
68	rails
69	elasticsearch
70	django
71	keras
72	computer-science
73	html5-boilerplate
74	httpie
75	json-server
76	moment
77	shadowsocks-windows
78	Front-end-Developer-Interview-Questions
79	resume.github.com
80	awesome-machine-learning
81	spring-boot
82	meteor
83	lodash
84	storybook
85	netdata
86	element
87	next.js
88	RxJava
89	markdown-here
90	requests
91	vue-element-admin
92	bitcoin
93	LeetCodeAnimation
94	every-programmer-should-know
95	ansible
96	ionic
97	rust
98	material-design-icons
99	jekyll
